{
  "unknown_env0": {
    "known_envs": [
      "known_env0",
      "known_env1",
      "known_env2",
      "known_env3",
      "known_env4"
    ],
    "distances": [
      0.4578816592693329,
      0.46634170413017273,
      0.6471262574195862,
      0.4632359445095062,
      0.5976369976997375
    ],
    "softmax_probabilities": [
      0.21352051713036266,
      0.2117217435578154,
      0.17670617569284106,
      0.2123803225644437,
      0.1856712410545371
    ],
    "gaussian_probabilities": [
      0.2073288835327579,
      0.20651991660946234,
      0.18674572873904835,
      0.2068182479996455,
      0.1925872231190859
    ],
    "inverse_probabilities": [
      0.22502172804831524,
      0.2209395414107693,
      0.15921672422829855,
      0.22242082778252495,
      0.17240117853009201
    ]
  }
}